Tanggal,Instansi,Keluhan,Keterangan
2017-05-01,Permohonan Informasi Kecamatan Sukolilo Kota Surabaya,1,Jam Operasional Kecamatan di hari sabtu
2017-05-01,Kelurahan Pakis,1,e-kios konslet
2017-05-01,Kecamatan Sukolilo Kota Surabaya,1,Pelayanan
2017-05-01,Kecamatan Genteng Kota Surabaya,1,KTP -el
2017-05-01,Dinas Komunikasi dan Informatika Kota Surabaya,1,Wifi di Taman Mati
2017-05-01,Satuan Polisi Pamong Praja Kota Surabaya,2,Penertiban Petasan –Penertiban nak-anak bermain bola
2017-05-01,Dinas Penanaman Modal dan Pelayanan Terpadu Satu Pintu Kota Surabaya,2,SIUP dan TDP
2017-05-01,"Dinas Perumahan Rakyat dan Kawasan
Permukiman, Cipta Karya dan Tata Ruang Kota Surabaya",2,IMB
2017-05-01,Dinas Pengelolaan Bangunan dan Tanah Kota Surabaya,2,Rusunawa –Status Tanah
2017-05-01,Dinas Pendidikan Kota Surabaya,3,UNBK Paket C –BPJS PBI –Masuk  SMPN 1
2017-05-01,Dinas Kebudayaan dan Pariwisata Kota Surabaya,3,Rujak Uleg –Parade Budaya dan Bunga
2017-05-01,Dinas Kesehatan Kota Surabaya,3,PIRT -Rujukan
2017-05-01,Badan Penanggulangan Bencana dan Perlindungan Masyarakat,6,Penertiban Petasan –Penertiban Pengamen –Penertiban Balapan Liar
2017-05-01,Dinas Perhubungan Kota Surabaya,7,Tarif Parkir –Perbaikan Penyebrangan Jalan –Pengaturan Lalin –Parkir Liar
2017-05-01,PDAM Surya Sembada Kota Surabaya,9,Air mati –Perbaikan Pipa –Air Keruh
2017-05-01,Dinas PU Bina Marga dan Pematusan Kota Surabaya,9,"Jalan Rusak –Permasalahan Banjir –Pengerukan Sungai –Pembersihan Tepi Sungai –
Keberadaan Tiang Listrik di Mulut gang"
2017-05-01,Dinas Kebersihan dan Ruang Terbuka Hijau Kota Surabaya,17,"PJU padam –Pemangkasan pohon –Pembersihan Sampah –Kebersihan Taman Flora
–Kebersihan Toilet Portable"
2017-05-01,Dinas Kependudukan dan Pencatatan Sipil Kota Surabaya,20,KTP el –Akte Kelahiran –KK –Status Data Ganda –Akte Kematian
2017-05-01,Lain-Lain,14,Ketertiban lingkungan –Proses surat tilang
2017-05-01,Apresiasi Warga,8,Pelayanan –Perbaikan PJU –Perbaikan Jalan
2017-05-01,Permohonan Informasi Bagian Administrasi Pemerintahan dan Otonomi Daerah Sekretariat Daerah Kota Surabaya,1,Jam Operasional Pelayanan Kecamatan dan Kelurahan di hari sabtu
2017-05-01,Permohonan Informasi Dinas Kependudukan dan Pencatatan Sipil Kota Surabaya,43,KTP el –Akte Kelahiran –KIA –lain-lain
2017-05-01,Permohonan Informasi Bagian Administrasi Pembangunan Sekretariat Daerah Kota Surabaya,1,Kunjungan kerja
2017-05-01,Permohonan Informasi Bagian Administrasi Kerjasama Sekretariat Daerah Kota Surabaya,1,MOU
2017-05-01,Permohonan Informasi Dinas Perhubungan Kota Surabaya,1,Penerapan smart city untuk traffic
2017-05-01,Permohonan Informasi Dinas Perdagangan Kota Surabaya,1,Bazaar Ramadhan
2017-05-01,Permohonan Informasi Dinas Koperasi dan Usaha Mikro Kota Surabaya,1,Stand Sentra PKL
2017-05-01,Permohonan Informasi Badan Pengelolaan Keuangan dan Pajak Daerah Kota Surabaya,1,Pemasangan spanduk reklame depan toko
2017-05-01,Permohonan Informasi Bagian Umum dan Protokol Sekretariat Daerah Kota Surabaya,2,Permohonan Audiensi
2017-05-01,Permohonan Informasi Dinas Kebersihan dan Ruang Terbuka Hijau Kota Surabaya,2,Lomba Merdeka Dari Sampah –Pendaftaran Surabaya Green and Clean
2017-05-01,Saran,5,Pelayanan
2017-05-01,Permohonan Informasi Dinas Kesehatan Kota Surabaya,2,PIRT Gratis
2017-05-01,"Permohonan Informasi Dinas Perumahan Rakyat dan Kawasan Permukiman, Cipta Karya dan Tata
Ruang Kota Surabaya",2,Peruntukan wilayah
2017-05-01,Permohonan Informasi Dinas Pengelolaan Bangunan dan Tanah Kota Surabaya,3,Surat ijo -Rusunawa
2017-05-01,"Permohonan Informasi Dinas Penanaman Modan dan Pelayanan Terpadu Satu Pintu Kota
Surabaya",6,TDP –Jam operasional UPTSA
2017-05-01,"Permohonan Informasi Badan Penanggulangan
Bencana dan Perlindungan Masyarakat Kota Surabaya",6,"Surat Permohonan ijin magang –Perda engenai jam buka tempat makan/restoran –
Jam operasional BPB dan Linmas"
2017-05-01,Permohonan Informasi Dinas Kebudayaan dan Pariwisata Kota Surabaya,7,Parade Budaya dan Bunga –Rujak Uleg –lain-lain
2017-05-01,Permohonan Informasi Lain-Lain,10,Kantor Imigrasi –PPDB SMA –lain-lain
2017-05-01,Permohonan Informasi Dinas Komunikasi dan Informatika Kota Surabaya,31,BLC –Website ssw tidak bisa diakses –lain-lain
2017-05-01,Permohonan Informasi Dinas Perpustakaan dan Kearsipan Kota Surabaya,2,Jam Operasional Perpustakaan Umum –Bantuan Buku
2017-06-01,Bagian Administrasi Pemerintahan dan Otonomi Daerah Sekretariat Daerah Kota Surabaya,2,"Sumber dana LPMK, RT dan RW"
2017-06-01,Bagian Layanan Pengadaan dan Pengelolaan Aset Sekretariat Daerah Kota Surabaya,2,Mobil Dinas
2017-06-01,"Dinas Perumahan Rakyat dan Kawasan Permukiman, Cipta Karya dan Tata Ruang Kota Surabaya",1,Pemasangan Pavingisasi
2017-06-01,Dinas Komunikasi dan Informatika Kota Surabaya,1,Aplikasi ssw
2017-06-01,Dinas Kebudayaan dan Pariwisata Kota Surabaya,1,TDUP
2017-06-01,Dinas Sosial Kota Surabaya,2,Program Bedah Rumah -Beasiswa
2017-06-01,Badan Pengelolaan Keuangan dan Pajak Daerah,1,PBB
2017-06-01,Badan Penanggulangan Bencana dan Perlindungan Masyarakat Kota Surabaya,2,Penertiban Petasan
2017-06-01,Satuan Polisi Pamong Praja Kota Surabaya,9,Ketertiban lingkungan –Penertiban PKL –lain-lain
2017-06-01,Dinas Penanaman Modal dan Pelayanan Terpadu Satu Pintu Kota Surabaya,4,TDP
2017-06-01,Dinas Pendidikan Kota Surabaya,6,PPDB –Ujian Nasional –Permasalahan fasilitas sekolah
2017-06-01,Dinas Perhubungan Kota Surabaya,6,Calo Bungurasih –Traffic Light –Parkir Liar –lain-lain
2017-06-01,Dinas Kebersihan dan Ruang Terbuka Hijau Kota Surabaya,10,PJU Padam
2017-06-01,Dinas Kependudukan dan Pencatatan Sipil Kota Surabaya,12,KTP el –Akte Kelahiran –lain-lain
2017-06-01,Dinas PU Bina Marga dan Pematusan Kota Surabaya,12,Jalan Rusak –Tutup saluran pecah –Box Culvert –lain-lain
2017-06-01,PDAM Surya Sembada Kota Surabaya,17,Air Mati
2017-06-01,RSUD dr. M. Soewandhie Kota Surabaya,1,Pelayanan
2017-06-01,Dinas Kesehatan Kota Surabaya,3,Pelayanan Puskesmas -Fogging
2017-06-01,Kecamatan Pakal Kota Surabaya,1,KTP el
2017-06-01,PD Pasar Surya Kota Surabaya,1,Tarif Parkir
2017-06-01,Kelurahan dr. Soetomo Kota Surabaya,1,Surat Keterangan Waris
2017-06-01,Kelurahan Bulak Banteng Kota Surabaya,1,Pelayanan
2017-06-01,Permohonan Informasi Kecamatan Bulak Kota Surabaya,1,Jam Pelayanan
2017-06-01,Permohonan Informasi Dinas Perdagangan Kota Surabaya,1,Alamat Dinas Perdagangan
2017-06-01,Permohonan Informasi Badan Pengelolaan Keuangan dan Pajak Daerah Kota Surabaya,1,PBB online
2017-06-01,Permohonan Informasi Badan Kepegawaian dan Diklat Kota Surabaya,1,Tenaga Kontrak
2017-06-01,Permohonan Informasi Bagian Administrasi Pemerintahan dan Otonomi Daerah Sekretariat Daerah Kota Surabaya,2,Surat Keterangan domisili –Pengurusan surat-surat gratis
2017-06-01,Permohonan Informasi Dinas Kesehatan Kota Surabaya,2,Pemeriksaan kesehatan dan penyuluhan kesehatan bagi catin
2017-06-01,Permohonan Informasi Badan Penanggulangan Bencana dan Perlindungan Masyarakat Kota Surabaya,2,Ijin Penelitian
2017-06-01,Permohonan Informasi Bagian Umum dan Protokol Sekretariat Daerah Kota Surabaya,3,Audiensi –Pembuatan film dokumenter
2017-06-01,Permohonan Informasi RSUD dr.M.Soeandhie Kota Surabaya,3,e-health
2017-06-01,Permohonan Informasi Kecamatan Wiyung,1,Pelayanan online
2017-06-01,Permohonan Informasi Dinas Penanaman Modal dan Pelayanan Terpadu Satu Pintu Kota Surabaya,11,SIUP –Jam operasional UPTSA –Lowongan UPTSA
2017-06-01,Permohonan Informasi Dinas Komunikasi dan Informatika Kota Surabaya,13,BLC –Website ssw.surabaya.go.id
2017-06-01,Permohonan Informasi Lain-Lain,14,BPJS –Prosedur Pengurusan SIM –lain-lain
2017-06-01,Permohonan Informasi Dinas Kependudukan dan Pencatatan Sipil Kota Surabaya,30,KTP el –Akte Kelahiran –Prosedur Pindah
2017-06-01,Permohonan Informasi Dinas Sosial Kota Surabaya,37,Beasiswa
2017-06-01,Saran,2,Pembayaran IPT –KTP el
2017-06-01,Apresiasi Warga,10,Perbaikan PJU –Perbaikan PDAM –lain-lain
2017-06-01,Lain-Lain,14,UMK –PLN –Samsat –lain-lain
2017-06-01,Permohonan Informasi Dinas Pengelolaan Bangunan dan Tanah Kota Surabaya,3,Rusunawa
2017-07-01,Satpol PP Kota Surabaya,2,Penertiban PKL –Penertiban Pembangunan hotel platinum
2017-07-01,Bagian Layanan Pengadaan dan Pengelolaan Aset Sekretariat Daerah Kota Surabaya,2,Mobil Dinas Pemkot Sby
2017-07-01,Badan Penanggulangan Bencana dan Perlindungan Masyarakat Kota Surabaya,1,Penertiban polisi cepek
2017-07-01,Kelurahan Wonorejo Kota Surabaya,1,Penertiban Parkir
2017-07-01,PD Taman Satwa Kebun Binatang Surabaya,1,Permasalahan pesangon pension di koperasi KBS
2017-07-01,Bagian Administrasi Pemerintahan dan Otonomi Dearah Sekretariat Daerah Kota Surabaya,1,Biaya pengurusan administrasi di RT/RW
2017-07-01,Dinas Sosial Kota Surabaya,2,Beasiswa
2017-07-01,RSUD dr M.Soewandhie Kota Surabaya,1,Pelayanan
2017-07-01,Dinas Kebudayaan dan Pariwisata Kota Surabaya,2,Perijinan tempat hiburan –Pagerlaran tari remo
2017-07-01,Dinas Kesehatan Kota Surabaya,6,Pelayanan Puskesmas –BPJS PBI –DBD –e-health
2017-07-01,Dinas Komunikasi dan Informatika Kota Surabaya,3,Wifi aman –nomor telpon MC trouble –aplikasi e-wadul
2017-07-01,Dinas Pendidikan Kota Surabaya,3,Persekusi –Pembayaran seragam –Pembayaran uang sekolah
2017-07-01,Dinas Perumahan Rakyat dan Kawasan Permukiman Cipta Karya dan Tata Ruang Kota Surabaya,3,Pavingisasi –Perbaikan Kantor Kelurahan
2017-07-01,Dinas Perhubungan Kota Surabaya,8,Parkir liar –Traffic light –U turn
2017-07-01,PDAM Surya Sembada Kota Surabaya,10,Air Mati –Air keruh
2017-07-01,Dinas PU Bina Marga dan Pematusan Kota Surabaya,15,Pengerukan saluran –Jalan rusak –Box Culvert -Perbaikan Tutup Mainhole
2017-07-01,Dinas Kependudukan dan Pencatatan Sipil Kota Surabaya,20,KTP el –KK –Akte Kematian
2017-07-01,Dinas Kebersihan dan Ruang Terbuka Hijau Kota Surabaya,20,PJU Padam –Pembersihan sampah –Penutupan sumur
2017-07-01,Kelurahan Rungkut Menanggal Kota Surabaya,1,Pungutan liar
2017-07-01,Badan Perencanaan Pembangunan Kota Surabaya,2,Musrenbang
2017-07-01,Kelurahan Kapasari Kota Surabaya,1,Pelayanan
2017-07-01,Permohonan Informasi Dinas PU Bina Marga dan Pematusan Kota Surabaya,1,Pengangkutan hasil kerja bakti
2017-07-01,Apresiasi Warga,7,Perbaikan jalan rusak –respon cepat –Perbaikan pju –lain-lain
2017-07-01,Lain-Lain,8,Lalu Lintas –Tindak kejahatan –Jalan rusak –lain-lain
2017-07-01,Permohonan Informasi Dinas Pendidikan Kota Surabaya,1,Sekolah anak inklusi
2017-07-01,Permohonan Informasi Badan Perencanaan Pembangunan Kota Surabaya,1,Data pengelolaan anggaran Pemkot
2017-07-01,Permohonan Informasi Bagian Umum dan Protokol Sekretariat Daerah Kota Surabaya,2,Mengundang Walikota Surabaya
2017-07-01,Permohonan Informasi Dinas Kebersihan dan Ruang Terbuka Hijau Kota Surabaya,2,Ijin pengambilan gambar –Pengajuan penebangan pohon
2017-07-01,Permohonan Informasi Dinas Perdagangan Kota Surabaya,1,Surabaya Greet Expo
2017-07-01,Permohonan Informasi Badan Penanggulangan Bencana dan Perlindungan Masyarakat Kota Surabaya,2,Kendaran  untuk supporter ke GBT –Prosedur Magang
2017-07-01,Permohonan Informasi Bagian Administrasi Pemerintahan dan Otonomi Dearah Sekretariat Daerah Kota Surabaya,3,Pengurusan surat keterangan domisili –Biaya pengurusan administrasi di RT/RW
2017-07-01,Permohonan Informasi Badan Pengelolaan Keuangan dan Pajak Daerah Kota Surabaya,3,PBB
2017-07-01,"Permohonan Informasi Dinas Perumahan Rakyat dan Kawasan Permukiman, Cipta Karya dan Tata Ruang Kota Surabaya",2,Pavingisasi -IMB
2017-07-01,Permohonan Informasi Dinas Perhubungan Kota Surabaya,4,Parkir Park and Ride
2017-07-01,Saran,6,Karcis parkir diperjual belikan ke warga –Pelayanan –lain-lain
2017-07-01,Permohonan Informasi Dinas Pengelolaan Bangunan dan Tanah Kota Surabaya,3,Rusunawa
2017-07-01,Permohonan Informasi Dinas Komunikasi dan Informatika Kota Surabaya,24,BLC –Lowongan tenaga kontrak
2017-07-01,Permohonan Informasi Lain-Lain,10,SIM Corner –Pemutihan STNK –lain-lain
2017-07-01,Permohonan Informasi Dinas Kependudukan dan Pencatatan Sipil Kota Surabaya,33,KTP el –Akte Kelahiran -KK
2017-07-01,Permohonan Informasi Dinas Kebudayaan dan Pariwisata Kota Surabaya,6,Cross Culture –Cagar Budaya
2017-07-01,Permohonan Informasi Dinas Sosial Kota Surabaya,6,Beasiswa –Dana hibah
2017-07-01,Permohonan Informasi Dinas Penanaman Modal dan Pelayanan Terpadu Satu Pintu Kota Surabaya,5,SIUP / TDP
2017-07-01,Permohonan Informasi Dinas Kepemudaan dan Olahraga Kota Surabaya,8,Pelatihan kewirausahaan
2017-08-01,Bagian Administrasi Pembangunan  Kota Surabaya,1,Internet RT/RW
2017-08-01,Dinas Pengelolaan Bangunan dan Tanah Kota Surabaya,1,Rusunawa
2017-08-01,Dinas Komunikasi dan Informatika Kota Surabaya,1,CCTV
2017-08-01,Badan Perencanaan Pembangunan Kota Surabaya,1,Musrenbang
2017-08-01,PD Pasar Surya Kota Surabaya,2,Permasalahan Pasar Tambakrejo –Spanduk Pos Pantau di Pasar Pucang
2017-08-01,Dinas Sosial Kota Surabaya,2,Permasalahan anak putus sekolah
2017-08-01,Dinas Kesehatan Kota Surabaya,2,Pelayanan Puskesmas -Fogging
2017-08-01,Satpol PP Kota Surabaya,3,
2017-08-01,Dinas Kependudukan dan Pencatatan Sipil Kota Surabaya,71,KTP el –Akte Kelahiran –KK –lain-lain
2017-08-01,Dinas Penanaman Modal dan Pelayanan Terpadu Satu Pintu,3,SIUP dan TDP
2017-08-01,Badan Pengelolaan Keuangan dan Pajak Daerah,3,PBB
2017-08-01,Bagian Administrasi Pemerintahan dan Otonomi Daerah Sekretariat Daerah Kota Surabaya,4,Masa Jabatan RT/RW –Surat keterangan domisili
2017-08-01,Dinas Pendidikan Kota Surabaya,10,Rumah Matematika –Pembelian seragam –Daftar ulang berbayar –lain- lain
2017-08-01,PDAM Surya Sembada Kota Surabaya,13,Air mati –Pipa bocor –Angka meteran tidak ada perubahan
2017-08-01,Dinas Perhubungan Kota Surabaya,18,Parkir Liar –Penertiban lalu-lintas –Traffic Light –lain-lain
2017-08-01,Dinas PU Bina Marga dan Pematusan Kota Surabaya,18,Proyek Box Culvert –Jalan rusak –lain-lain
2017-08-01,Dinas Kebersihan dan Ruang Terbuka Hijau Kota Surabaya,21,PJU Padam –Pembersihan Sampah –lain-lain
2017-08-01,RSUD Bhakti Dharmahusada Kota Surabaya,1,Pelayanan
2017-08-01,Dinas Perumahan Rakyat dan Kawasan Permukiman Cipta Karya dan Tata Ruang Kota Surabaya,3,SIUJK -Pavingisasi
2017-08-01,Kecamatan Pakal Kota Surabaya,1,KTP el
2017-08-01,Badan Penanggulangan Bencana dan Perlindungan Masyarakat Kota Surabaya,2,Perekrutan tenaga kerja BPB dan Linmas
2017-08-01,Lain-Lain,22,Ketertiban lingkungan – PLB –Pelayanan dir.Soetomo –lain-oain
2017-08-01,Kelurahan Sidotopo Wetan,1,Pelayanan
2017-08-01,Permohonan Informasi Bagian Umum dan Protokol Sekretariat Daerah Kota Surabaya,1,Proposal kegiatan event
2017-08-01,Permohonan Informasi Dinas Pendidikan Kota Surabaya,1,Salinan Ijazah
2017-08-01,Permohonan Dinas Kebudayaan dan Pariwisata,1,Balai Budaya
2017-08-01,Permohonan Informasi Dinas Kesehatan Kota Surabaya,1,Vaksin Rubella
2017-08-01,Permohonan Informasi Badan Pengelolaan Keuangan dan Pajak Daerah Kota Surabaya,1,PBB
2017-08-01,Permohonan Informasi Bagian Administrasi Pemerintahan dan Otonomi Dearah Sekretariat Daerah Kota Surabaya,2,Surat keterangan domisili –sertifikasi massal
2017-08-01,Permohonan Informasi Dinas Pengelolaan Bangunan dan Tanah Kota Surabaya,3,Rususnawa
2017-08-01,"Permohonan Informasi Dinas Perumahan Rakyat dan Kawasan Permukiman, Cipta Karya dan Tata Ruang Kota Surabaya",5,SIUJK –Peruntukan wilayah –Persyaratan IMB
2017-08-01,Permohonan Informasi PDAM Surya Sembada Kota Surabaya,1,Pindah Saluran PDAM
2017-08-01,Permohonan Informasi Dinas Kebersihan dan Ruang Terbuka Hijau Kota Surabaya,5,Bantuan Tanaman –Permintaan Pupuk Kompos –Pendaftaran Greean and Clean
2017-08-01,Permohonan Informasi Dinas Sosial Kota Surabaya,5,BPJS KIS –CSR –Bedah Rumah
2017-08-01,Permohonan Informasi Lain-Lain,6,
2017-08-01,Permohonan Informasi Dinas Komunikasi dan Informatika Kota Surabaya,12,BLC
2017-08-01,Permohonan Informasi Dinas Perhubungan Kota Surabaya,13,Bus Sekolah
2017-08-01,Permohonan Informasi Bagian Humas Sekretariat Daerah Kota Surabaya,17,Doa Malam Tasyukuran
2017-08-01,Permohonan Informasi Dinas Kependudukan dan Pencatatan Sipil Kota Surabaya,107,KTP el –Akte Kelahiran
2017-08-01,Saran,8,Wifi gratis di Balai Pemuda –Pemasangan Traffic Light –lain-lain
2017-08-01,Apresiasi Warga,9,Respon cepat –Pembersihan saluran –air PDAM mengalir
2017-08-01,Permohonan Informasi Dinas Penanaman Modal dan Pelayanan Terpadu Satu Pintu Kota Surabaya,5,SIUP/TDP
2017-09-01,Dinas Sosial Kota Surabaya,1,Gepeng
2017-09-01,Dinas Ketahanan Pangan dan Pertanian Kota Surabaya,1,Peredaran telur
2017-09-01,RSUD dr M.Soewandhie Kota Surabaya,1,Pelayanan
2017-09-01,Dinas Penanaman Modal dan Pelayanan Terpadu Satu Pintu Kota Surabaya,1,TDP
2017-09-01,Dinas Pemadam Kebakaran Kota Surabaya,1,Pengerjaan tandon air Pemadam Kebakaran
2017-09-01,Badan Penanggulangan Bencana dan Perlindungan Masyarakat Kota Surabaya,1,Penertiban kenakalan remaja
2017-09-01,Dinas Lingkungan Hidup Kota Surabaya,1,Permasalahan dampak pembangunan Apartemen
2017-09-01,Badan Perencanaan Pembangunan Kota Surabaya,1,Musrenbang
2017-09-01,Dinas Perhubungan Kota Surabaya,13,"Parkir liar -Permasalahan jalan Simogunung arah Ngesong –Tarif parkir
–lain-lain"
2017-09-01,Dinas Komunikasi dan Informatika Kota Surabaya,3,website ssw.surabaya.go.id tidak bisa diakses –website e-wadul tidak bisa diakses
2017-09-01,Dinas Perumahan Rakyat dan Kawasan Permukiman Cipta Karya dan Tata Ruang Kota Surabaya,5,"IMB -Pemberian batas atau tanda kawasan konservasi –Pengajuan saluran
-Pavingisasi"
2017-09-01,Satpol PP Kota Surabaya,9,Penertiban PKL –Penertiban tempat kos –Penertiban kenakalan remaja
2017-09-01,Dinas PU Bina Marga dan Pematusan Kota Surabaya,22,Jalan rusak –Proyek box culvert –Pengerukan saluran –Penggantian tutup bak kontrol
2017-09-01,PDAM Surya Sembada Kota Surabaya,27,Air Mati –Pemasangan Baru PDAM –Air keruh –Pipa bocor –Tagihan PDAM tidak sesuai
2017-09-01,Dinas Kebersihan dan Ruang Terbuka Hijau Kota Surabaya,34,PJU Padam –Pemangkasan pohon –Pembersihan sampah –lain-lain
2017-09-01,Dinas Kependudukan dan Pencatatan Sipil Kota Surabaya,35,KTP el –Akte Kelahiran –Akte Kematian –lain-lain
2017-09-01,Bagian Administrasi Pemerintahan dan Otonomi Dearah Sekretariat Daerah Kota Surabaya,1,Pungli di Kelurahan
2017-09-01,Dinas Pengelolaan Bangunan dan Tanah Kota Surabaya,2,Surat ijo –Pelepasan tanah
2017-09-01,Bagian Administrasi Perekonomian dan Usaha Daerah Kota Surabaya Sekretariat Daerah Kota Surabaya,1,Manajemen dan kinerja PD RPH
2017-09-01,Kecamatan Sambikerep Kota Surabaya,1,Pelayanan
2017-09-01,Kecamatan Wonokromo Kota Surabaya,1,Pelayanan
2017-09-01,Permohonan Informasi Dinas Perhubungan Kota Surabaya,1,Parkir meter
2017-09-01,Permohonan Informasi Badan Penanggulangan Bencana dan Perlindungan Masyarakat Kota Surabaya,1,Sosmed 112
2017-09-01,Permohonan Informasi Badan Pengelolaan Keuangan dan Pajak Daerah Kota Surabaya,1,Pengurangan BPHTB
2017-09-01,Permohonan Informasi Badan Kepegawaian dan Diklat Kota Surabaya,1,CPNS
2017-09-01,Permohonan Informasi Dinas PU Bina Marga dan Pematusan Kota Surabaya,2,Proyek Box Culvert
2017-09-01,Permohonan Informasi Bagian Administrasi Pemerintahan dan Otonomi Dearah Sekretariat Daerah Kota Surabaya,3,Pengurusan administrasi kependudukan –surat pengantar RT/RW –Tunjungan RT
2017-09-01,Permohonan Informasi Dinas Kebersihan dan Ruang Terbuka Hijau Kota Surabaya,3,Penebangan pohon –Permintaan pupuk
2017-09-01,"Permohonan Informasi Dinas Perumahan Rakyat dan Kawasan Permukiman, Cipta Karya dan Tata Ruang Kota Surabaya",4,Salinan IMB –Pemetaan Kota
2017-09-01,Permohonan Informasi Dinas Sosial Kota Surabaya,2,Beasiswa
2017-09-01,Permohonan Informasi Dinas Penanaman Modal dan Pelayanan Terpadu Satu Pintu Kota Surabaya,5,SIUP / TDP
2017-09-01,Permohonan Informasi Bagian Umum dan Protokol Sekretariat Daerah Kota Surabaya,5,Permohonan Audensi –Proposal ke walikota
2017-09-01,Apresiasi Warga,5,Respon cepat –Pembersihan sampah –Pembuatan taman -BLC
2017-09-01,Saran,5,Pelayanan –Perbarui angkutan umum –Pengerjaan proyek –lain-lain
2017-09-01,Permohonan Informasi Dinas Kependudukan dan Pencatatan Sipil Kota Surabaya,27,KTP el –Jam operasional Dispendukcapil –Akte Kelahiran –lain-lain
2017-09-01,Lain-Lain,22,BPN –Pelayana RSUD dr.Soetomo –PLN –lain-lain
2017-09-01,Permohonan Informasi Lain-Lain,8,Legalisisr surat nikah –syarat SKCK –Perpanjangan STNK –lain-lain
2017-09-01,Permohonan Informasi Dinas Pengelolaan Bangunan dan Tanah Kota Surabaya,5,Rusunawa
2017-09-01,Permohonan Informasi Dinas Komunikasi dan Informatika Kota Surabaya,17,BLC
2017-09-01,Permohonan Informasi Dinas Kepemudaan dan Olahraga Kota Surabaya,1,Alur peminjaman lapangan tenis
2017-10-01,Bagian Administrasi Pemerintahan dan Otonomi Daerah Sekretariat Daerah Kota Surabaya,2,Surat keterangan ahli waris –surat keterangan domisili
2017-10-01,Apresiasi Warga,3,Pelayanan –Perbaikan PJU
2017-10-01,Lain-Lain,25,Rekaman cctv –Pengurusan Paspor –Pengurusan sertifikat tanah –lain-lain
2017-10-01,Kelurahan Mojo,1,Pelayanan Kelurahan Mojo
2017-10-01,Kecamatan Genteng,1,KTP el
2017-10-01,Kecamatan Kenjeran,1,KTP el
2017-10-01,Dinas Pendidikan Kota Surabaya,1,Guru honorer
2017-10-01,Dinas Lingkungan Hidup,1,Polusi diakibatkan pabrik pemotongan keramik
2017-10-01,Dinas PU Bina Marga dan Pematusan Kota Surabaya,24,Jalan rusak –Proyek Box culvert –Pengerukan saluran –Tutup saluran pecah –lain- lain
2017-10-01,Dinas Pengelolaan Bangunan dan Tanah Kota Surabaya,2,Rusunawa –tanah yang terkena konservasi
2017-10-01,Dinas Perumahan Rakyat dan Kawasan Permukiman Cipta Karya dan Tata Ruang Kota Surabaya,2,Tiang reklame -IMB
2017-10-01,Dinas Komunikasi dan Informatika Kota Surabaya,3,Website e-wadul –website ssw
2017-10-01,PDAM Surya Sembada Kota Surabaya,12,Air mati –Air keruh –Tagihan PDAM –Pipa PDAM bocor
2017-10-01,Satuan Polisi Pamong Praja Kota Surabaya,13,Ketertiban lingkungan –Bangunan liar –Penertiban PKL
2017-10-01,Dinas Perhubungan Kota Surabaya,14,Tarif parkir –Traffic light –Marka jalan –lain-lain
2017-10-01,Dinas Kependudukan dan Pencatatan Sipil Kota Surabaya,16,KTP el –Akte kelahiran –lain-lain
2017-10-01,Dinas Kebersihan dan Ruang Terbuka Hijau Kota Surabaya,16,PJU Padam –Pemangkasan Pohon –Pembersihan sampah
2017-10-01,Saran,6,Pelayanan –Shalter / Penampungan hewan –Pembuatan taman kesehatan
2017-10-01,Dinas Sosial Kota Surabaya,2,Beasiswa -SKTM
2017-10-01,Permohonan Informasi Dinas Kependudukan dan Pencatatan Sipil Kota Surabaya,58,KTP-el –Pelayanan akte kelahiran di Polsek –lain-lain
2017-10-01,Permohonan Informasi Dinas Perhubungan Kota Surabaya,2,Tarif parkir di park n ride –informasi pengaduan tarif parkir
2017-10-01,Permohonan Informasi Lain-Lain,16,Mall Pelayanan Publik –Pemasangan jaringan gas oleh PGN –Penipuan Cyber
2017-10-01,Permohonan Informasi Dinas Komunikasi dan Informatika Kota Surabaya,17,BLC –Pengertian e-gov –Lowongan kerja –Radio Pemkot
2017-10-01,Permohonan Informasi Bagian Administrasi Pembangunan Sekretariat Daerah Kota Surabaya,1,Surat keterangan domisili
2017-10-01,Permohonan Informasi Bagian Humas Sekretariat Daerah Kota Surabaya,1,Kunjungan Walikota Surabaya ke US
2017-10-01,Permohonan Informasi Badan Penanggulangan Bencana dan Perlindungan Masyarakat Kota Surabaya,1,Penelitian
2017-10-01,Permohonan Informasi Dinas Kesehatan Kota Surabaya,1,Perpanjangan PIRT
2017-10-01,Permohonan Informasi Dinas Lingkungan Hidup Kota Surabaya,1,Bike to Work
2017-10-01,Permohonan Informasi Dinas PU Bina Marga dan Pematusan Kota Surabaya,1,Prosedur pengajuan saluran air
2017-10-01,Permohonan Informasi PDAM Surya Sembada Kota Surabaya,2,Informasi air mati –Pemakaian air yang wajar
2017-10-01,Permohonan Informasi Satpol PP Kota Surabaya,2,Lowongan kerja Satpol PP –Penutupan minimarket
2017-10-01,Permohonan Bagian Administrasi Kerjasama Sekretariat Daerah Kota Surabaya,1,Rumah bahasa
2017-10-01,Permohonan Informasi Dinas Kepemudaan dan Olahraga Kota Surabaya,2,Lapangan thor
2017-10-01,Permohonan Informasi Badan Pengelolaan Keuangan dan Pajak Daerah Kota Surabaya,2,Pengusrusan PPN 10% -Permintaan slip PBB
2017-10-01,Permohonan Informasi Dinas Sosial Kota Surabaya,6,Beasiswa –Layanan ambulance gratis
2017-10-01,"Permohonan Informasi Dinas Perumahan Rakyat dan Kawasan Permukiman, Cipta Karya dan Tata Ruang Kota Surabaya",3,IMB -Pavingisasi
2017-10-01,Permohonan Informasi Dinas Kebersihan dan Ruang Terbuka Hijau Kota Surabaya,3,Penjurian green and clean –Lowongan kerja tukang sapu –Permohonan bibit
2017-10-01,Permohonan Informasi Dinas Penanaman Modal dan Pelayanan Terpadu Satu Pintu Kota Surabaya,6,SIUP -TDP
2017-10-01,Permohonan Informasi Bagian Umum dan Protokol Sekretariat Daerah Kota Surabaya,3,Permohonan audiensi
2017-10-01,Permohonan Informasi Bagian Administrasi Pemerintahan dan Otonomi Dearah Sekretariat Daerah Kota Surabaya,3,SKTM
2017-10-01,Permohonan Informasi Dinas Pengelolaan Bangunan dan Tanah Kota Surabaya,2,Rusunawa
2017-10-01,Permohonan Informasi Dinas Kebudayaan dan Pariwisata Kota Surabaya,3,Rangkaian kegiatan hari pahlawan –Surabaya membara –prosedur membuka cafe
2017-11-01,Kecamatan Tambaksari,1,KTP el
2017-11-01,Permohonan Informasi Dinas Penanaman Modal dan Pelayanan Terpadu Satu Pintu Kota Surabaya,28,SIUP –TDP
2017-11-01,Permohonan Informasi Dinas Kependudukan dan Pencatatan Sipil Kota Surabaya,32,KTP el –Akte Kelahiran –Pindah datang –Akte Kematian –lain-lain
2017-11-01,Saran,5,Pelayanan
2017-11-01,Apresiasi warga,6,Perbaikan lampu penyebrangan –Pelayanan Puskesmas –Pengaspalan jalan –lain-lain
2017-11-01,Lain-Lain,15,Ketertiban lingkungan  –BPN –lain-lain
2017-11-01,Permohonan Informasi Dinas Komunikasi dan Informatika Kota Surabaya,21,BLC
2017-11-01,Kecamatan Wonocolo,2,KTP el
2017-11-01,Kecamatan Dukuh Pakis,1,KTP el
2017-11-01,"Dinas Pengendalian Penduduk, Pemberdayaan Perempuan dan Perlindungan Anak Kota Surabaya",1,Mobil DP4PA parkir di pinggir jalan
2017-11-01,Dinas Kebudayaan dan Pariwisata Kota Surabaya,1,Izin Restoran
2017-11-01,Kecamatan Sukolilo,2,KTP el
2017-11-01,Dinas Perumahan Rakyat dan Kawasan Permukiman Cipta Karya dan Tata Ruang Kota Surabaya,2,Pavingisasi
2017-11-01,Dinas Pendidikan Kota Surabaya,2,Iuran sekolah
2017-11-01,Dinas Sosial Kota Surabaya,2,Gepeng –Bantuan bagi orang tidak mampu
2017-11-01,"Permohonan Informasi Dinas Pengendalian Penduduk,
Pemberdayaan Perempuan dan Perlindungan Anak Kota Surabaya",12,BPJS PBI
2017-11-01,Kecamatan Karangpilang,1,KTP el
2017-11-01,Permohonan Informasi Lain-Lain,12,SKCK –SIM Corner –NPWP –lain-lain
2017-11-01,Permohonan Informasi Badan Perencanaan Pembangunan Kota Surabaya,1,Musrenbang
2017-11-01,Permohonan Informasi Bagian Administrasi Pemerintahan dan Otonomi Dearah Sekretariat Daerah Kota Surabaya,5,Aplikasi Pendataan Penduduk Non Permanen
2017-11-01,Permohonan Informasi Kelurahan Kapas Madya Baru Kota Surabaya,1,Alur pengurusan membuat surat keterangan belum menikah
2017-11-01,Permohonan Informasi Kecamatan Mulyorejo Kota Surabaya,1,Blanko KTP el
2017-11-01,Permohonan Informasi Administrasi Pembangunan Sekretariat Daerah Kota Surabaya,1,GMRS
2017-11-01,Permohonan Informasi Satpol PP Kota Surabaya,1,Pesan SMS dari Satpol PP untuk seleksi administrasi
2017-11-01,Permohonan Informasi Dinas Pendidikan Kota Surabaya,1,Prosedur pengurusun ijazah asli
2017-11-01,Permohonan Informasi Dinas Perdagangan Kota Surabaya,1,Badan penyelesaian sengketa konsumen
2017-11-01,Permohonan Informasi Dinas Sosial Kota Surabaya,1,Beasiswa
2017-11-01,Permohonan Informasi Bagian Humas Sekretariat Daerah Kota Surabaya,6,Co-working
2017-11-01,Permohonan Informasi Badan Pengelolaan Keuangan dan Pajak Daerah Kota Surabaya,1,SPPT PBB
2017-11-01,Permohonan Informasi Dinas Pengelolaan Bangunan dan Tanah Kota Surabaya,2,Rusunawa
2017-11-01,Permohonan Informasi PDAM Surya Sembada Kota Surabaya,3,Pemakaian air yang wajar untuk rumah tangga
2017-11-01,Permohonan Informasi Dinas Perhubungan Kota Surabaya,3,Park and ride – SITS –rambu-rambu
2017-11-01,"Permohonan Informasi Dinas Perumahan Rakyat dan
Kawasan Permukiman, Cipta Karya dan Tata Ruang Kota Surabaya",4,IMB
2017-11-01,Permohonan Informasi Dinas Tenaga Kerja Kota Surabaya,4,Kartu pencari kerja
2017-11-01,Permohonan Informasi Dinas Kebudayaan dan Pariwisata Kota Surabaya,4,Balapan sangar – Wisata museum
2017-11-01,Permohonan Informasi Dinas Kesehatan Kota Surabaya,4,Pengurusan nomor PIRT – KATASTROPIS -BPJS
2017-11-01,Permohonan Informasi Badan Penanggulangan Bencana dan Perlindungan Masyarakat Kota Surabaya,1,Penelitian
2017-11-01,Satuan Polisi Pamong Praja Kota Surabaya,3,Lampu running text di jalan –Bangli –Ketertiban umum
2017-11-01,Dinas Komunikasi dan Informatika Kota Surabaya,3,Website eew.surabaya.go.id error
2017-11-01,Dinas Kesehatan Kota Surabaya,5,Pelayanan Puskesmas –Vaksin Hepatitis B
2017-11-01,PDAM Surya Sembada Kota Surabaya,12,Air mati –Pipa PDAM bocor –Air keruh -Parkir sembarangan alat berat PDAM
2017-11-01,Dinas Perhubungan Kota Surabaya,20,Parkir liar –Traffic light –Perilaku jukir –Tarif parkir –lain-lain
2017-11-01,Dinas Kependudukan dan Pencatatan Sipil Kota Surabaya,25,KTP el –Akte Kelahiran –KK –Akte kematian
2017-11-01,Dinas PU Bina Marga dan Pematusan Kota Surabaya,30,Permasalahan banjir –Pengerukan saluran –Jalan rusak –Box culvert –lain-lain
2017-11-01,Dinas Kebersihan dan Ruang Terbuka Hijau Kota Surabaya,30,PJU Padam -Pemangkasan pohon –Pembersihan sampah
2017-11-01,Dinas Perpustakaan dan Kearsipan Kota Surabaya Kota Surabaya,4,Cuti hamil tenaga kontrak
2017-12-01,Dinas Pengelolaan Bangunan dan Tanah Kota Surabaya,1,Surat Ijo
2017-12-01,Dinas Tenaga Kerja Kota Surabaya,1,Ijin lembaga pelatihan kerja online
2017-12-01,"Dinas Pengendalian Penduduk, Pemberdayaan Perempuan dan Perlindungan Anak Kota Surabaya",1,Parkir mobil DP4PA
2017-12-01,Dinas Penanaman Modal dan Pelayanan Terpadu Satu Pintu Kota Surabaya,1,Pelayanan UPTSA
2017-12-01,Kecamatan Rungkut Kota Surabaya,1,KTP el
2017-12-01,Kecamatan Gayungan Kota Surabaya,1,KTP el
2017-12-01,Badan Kepegawaian dan Diklat,1,Cuti tenaga Pemerintah Kota Surabaya
2017-12-01,Kecamatan Semampir Kota Surabaya,1,Bantuan BPNT non PKH
2017-12-01,Kecamatan Benowo Kota Surabaya,1,KTP el
2017-12-01,Kecamatan Tambaksari Kota Surabaya,2,KTP el –surat pindah
2017-12-01,Dinas Kesehatan Kota Surabaya,2,Virus difteri –Pelayanan puskesmas
2017-12-01,Dinas Sosial Kota Surabaya,2,Bedah rumah
2017-12-01,Kecamatan Sukolilo Kota Surabaya,1,Cetak SK SIUP
2017-12-01,Satpol PP Kota Surabaya,4,Penertiban PKL –Penertiban Prostitusi
2017-12-01,Dinas Perumahan Rakyat dan Kawasan Permukiman Cipta Karya dan Tata Ruang Kota Surabaya,6,Pavingisasi
2017-12-01,PDAM Surya Sembada Kota Surabaya,9,Air Mati –Air keruh –Pipa bocor
2017-12-01,Dinas Kependudukan dan Pencatatan Sipil Kota Surabaya,16,KTP el –Akte Kelahiran
2017-12-01,Dinas Perhubungan Kota Surabaya,27,Speed Trap –Speedtrap –Perbaikan rambu –lain-lain
2017-12-01,Dinas PU Bina Marga dan Pematusan Kota Surabaya,37,"Jalan rusak –Pengerukan saluran –Proyek box culvert –
Permasalahan banjir –lain-lain"
2017-12-01,Dinas Kebersihan dan Ruang Terbuka Hijau Kota Surabaya,70,PJU Padam –Pemangkasan pohon –Pembersihan sampah
2017-12-01,Dinas Pendidikan Kota Surabaya,2,Libur semester –Fasilitas sekolah
2017-12-01,Lain-Lain,24,Kantor Imigrasi –Bantuan Pemerintah Pusat –Penipuan yang dilakukan perusahaan swasta –lain-lain
2017-12-01,Dinas Perdagangan Kota Surabaya,1,UPTD Metrologi
2017-12-01,Saran,11,Pelayanan –Speedtrap –Pemasangan Plang nama
2017-12-01,Apresiasi Warga,10,Perbaikan PJU –Pelayanan –Perbaikan jalan
2017-12-01,Permohonan Informasi Bagian Layanan Pengadaan dan Pengelolaan Aset Sekretariat Daerah Kota Surabaya,1,Lelang kendaraan Dinas
2017-12-01,Permohonan Informasi Bagian Umum dan Protokol Sekretariat Daerah Kota Surabaya,1,Kunker
2017-12-01,Permohonan Informasi Bagian Administrasi Pemerintahan dan Otonomi Daerah Sekretariat Daerah Kota Surabaya,1,Insentif RT/RW
2017-12-01,"Permohonan Informasi Dinas Perumahan Rakyat dan Kawasan Permukiman, Cipta Karya dan Tata Ruang Kota Surabaya",1,IMB
2017-12-01,Permohonan Informasi Dinas Kebersihan dan Ruang Terbuka Hijau Kota Surabaya,1,Nama Taman
2017-12-01,Permohonan Informasi Dinas Kepemudaan dan Olahraga Kota Surabaya,1,Pelatihan kepemudaan
2017-12-01,Permohonan Informasi Dinas Sosial Kota Surabaya,1,Bedah rumah
2017-12-01,Permohonan Informasi Badan Perencanaan Pembangunan Kota Surabaya,1,Musrenbang
2017-12-01,Permohonan Informasi Bagian Humas Sekretariat Daerah Kota Surabaya,2,Koridor Siola
2017-12-01,"Permohonan Informasi Dinas Pengendalian Penduduk, Pemberdayaan Perempuan dan
Perlindungan Anak Kota Surabaya",2,SKM
2017-12-01,Permohonan Informasi Dinas Perdagangan Kota Surabaya,1,TDG dan IUI
2017-12-01,Permohonan Informasi Badan Pengelolaan Keuangan dan Pajak Daerah Kota Surabaya,2,BPHTB - NPOPTKP
2017-12-01,Permohonan Informasi Dinas Ketahanan Pangan dan Pertanian,2,Gelar produk pertanian
2017-12-01,Permohonan Informasi Dinas Kependudukan dan Pencatatan Sipil Kota Surabaya,15,KTP el -KK –Akte Kelahiran –Suret Keterangan (suket) –Pindah datang
2017-12-01,Permohonan Informasi Dinas Perhubungan Kota Surabaya,9,Suroboyo bus
2017-12-01,Permohonan Informasi Dinas Penanaman Modal dan Pelayanan Terpadu Satu Pintu Kota Surabaya,8,SIUP TDP
2017-12-01,Permohonan Informasi Dinas Komunikasi dan Informatika Kota Surabaya,6,BLC -Nomor Media Center
2017-12-01,Permohonan Informasi Lain-Lain,16,Prosedur ganti nama –SKCK –Samsat keliling –cara melaporkan konten hoax –lain-lain
2017-12-01,Permohonan Informasi Dinas Pengelolaan Bangunan dan Tanah Kota Surabaya,3,Rusunawa –Pembayaran surat ijo
2017-12-01,Permohonan Informasi Inspektorat Kota Surabaya,2,Lowongan kerja
2017-12-01,Permohonan Informasi Dinas Kesehatan Kota Surabaya,4,BPJS PBI –Imunisasi Difteri –Jam Pelayanan Puskesmas
2018-01-01,Badan Penanggulangan Bencana dan Perlindungan Masyarakat,1,Permasalahan tenaga kontrak
2018-01-01,Kecamatan Lakarsantri Kota Surabaya,1,KTP el
2018-01-01,Kecamatan Gunung Anyar Kota Surabaya,1,KTP el
2018-01-01,Kecamatan Gubeng Kota Surabaya,1,KTP el
2018-01-01,Kecamatan Gayungan Kota Surabaya,1,Permohonan pindah
2018-01-01,RSUD dr M.Soewandhie,1,Pelayanan
2018-01-01,Dinas Penanaman Modal dan Pelayanan Terpadu Satu Pintu Kota Surabaya,1,Pelayanan UPTSA
2018-01-01,Dinas Pengelolaan Bangunan dan Tanah Kota Surabaya,1,Rusunawa
2018-01-01,Dinas Tenaga Kerja Kota Surabaya,1,Batas maximal pelatihan kerja
2018-01-01,Dinas Sosial Kota Surabaya,1,Bedah rumah
2018-01-01,Kelurahan Ketintang Kota Surabaya,2,Pungli
2018-01-01,Dinas Kebersihan dan Ruang Terbuka Hijau Kota Surabaya,40,PJU Padam –Pemangkasan pohon –Pembersihan sampah -Permintaan SKCK untuk tenaga kontrak DKRTH
2018-01-01,"Dinas Perumahan Rakyat dan
Kawasan Permukiman, Cipta Karya dan Tata Ruang Kota Surabaya",2,Kontraktor pelaksana pekerjaan -Videotron
2018-01-01,Dinas Pendidikan Kota Surabaya,2,Kegiatan Tryout – Aduan wali murid ke Polrestabes
2018-01-01,Dinas Kesehatan Kota Surabaya,2,BPJS PBI
2018-01-01,Kecamatan Semampir Kota Surabaya,4,KTP el
2018-01-01,Kecamatan Karangpilang Kota Surabaya,5,KTP el
2018-01-01,Satuan Polisi Pamong Praja,8,Bangli –Tower –Penertiban PKL –lain-lain
2018-01-01,Dinas Perhubungan Kota Surabaya,9,Traffic light –Tarif parkir –Parkir liar –Speed trap
2018-01-01,PDAM Surya Sembada Kota Surabaya,13,Air mati
2018-01-01,Dinas Kependudukan dan Pencatatan Sipil Kota Surabaya,30,KTP el –KK –Akte Perkawinan –lain-lain
2018-01-01,Dinas PU Bina Marga dan Pematusan Kota Surabaya,32,Jalan rusak –Pengerukan saluran –lain-lain
2018-01-01,Kecamatan Tambaksari Kota Surabaya,1,KTP el
2018-01-01,Kecamatan Dukuh Pakis Kota Surabaya,2,KK –KTP el
2018-01-01,Kecamatan Wonocolo Kota Surabaya,1,Bangli
2018-01-01,Permohonan Informasi Bagian Administrasi Pemerintahan dan Otonomi Daerah Sekretariat Daerah Kota Surabaya,3,Aplikasi data penduduk non permanen –Surat keterangan waris
2018-01-01,Lain-Lain,5,Poster kegiatan celup –Portal –Pengelolaan Parkir Kenpark -dll
2018-01-01,Kelurahan Ngagel Kota Surabaya,1,Pungutan
2018-01-01,"Pengendalian Penduduk, Pemberdayaan Perempuan dan Perlindungan Anak Kota Surabaya",,
2018-01-01,Permohonan Informasi Dinas,1,Ketrampilan Wirausaha (pejuang muda)
2018-01-01,Permohonan Informasi Dinas Pendidikan Kota Surabaya,1,Beasiswa
2018-01-01,Permohonan Informasi Dinas Perpustakaan dan Kearsipan Kota Surabaya,1,Menyumbang buku-buku bekas
2018-01-01,Permohonan Informasi Dinas Sosial Kota Surabaya,1,Beasiswa
2018-01-01,Permohonan Informasi Dinas Koperasi Dan Usaha Mikro Kota Surabaya,1,Sentra PKL
2018-01-01,Permohonan Informasi Administrasi Pembangunan Sekretariat Daerah Kota Surabaya,1,Internet RW
2018-01-01,"Permohonan Informasi Bagian Umum dan Protokol Sekretariat Daerah Kota
Surabaya",2,Pengajuan proposal –Lamaran pekerjaan
2018-01-01,Permohonan Informasi Dinas PU Bina Marga dan Pematusan Kota Surabaya,2,Jembatan ratna –Jalan utuk Tuna Netra
2018-01-01,Permohonan Informasi Dinas Perdagangan Kota Surabaya,2,Mitra Binaan UKM –Industri di Surabaya
2018-01-01,Permohonan Informasi Dinas Kesehatan Kota Surabaya,2,Ambulance net
2018-01-01,Permohonan Informasi Badan Perencanaan Pembangunan Kota Surabaya,1,Musrenbang
2018-01-01,Permohonan Informasi Administrasi Kerjasama Sekretariat Daerah Kota Surabaya,6,Rumah Bahasa
2018-01-01,Saran,5,Pemberian tong sampah –Pelebaran jalan – Memperhatikan kualitas jalan
2018-01-01,"Permohonan Informasi Dinas
Komunikasi dan Informatika Kota Surabaya",49,BLC
2018-01-01,"Permohonan Informasi Dinas Kependudukan dan Pencatatan Sipil
Kota Surabaya",31,KTP el –Akte Kelahiran –Pindah datang -KK
2018-01-01,"Permohonan Informasi Dinas
Penanaman Modal dan Pelayanan Terpadu Satu Pintu Kota Surabaya",18,SIUP TDP
2018-01-01,Permohonan Informasi Dinas Tenaga Kerja Kota Surabaya,17,Pelatihan kerja
2018-01-01,Apresiasi Warga,19,Perbaikan PJU –Perbaikan jalan –Respon cepat – lain-lain
2018-01-01,Permohonan Informasi Dinas Perhubungan Kota Surabaya,8,Bus Suroboyo –Bus Sekolah
2018-01-01,Permohonan Informasi Dinas,8,Magang –Pelatihan tanggap bencana (sudkalak)
2018-01-01,Pengelolaan Bangunan dan Tanah Kota Surabaya,,
2018-01-01,Permohonan Informasi Badan Penanggulangan Bencana dan Perlindungan Masyarakat Kota Surabaya,7,Rusunawa
2018-01-01,Permohonan Informasi lain-lain,17,Mutasi balik nama kendaraan –SIM Corner -KUA -dll
2018-02-01,Kecamatan Jambangan Kota Surabaya,1,KTP el
2018-02-01,Kecamatan Pakal Kota Surabaya,1,KTP el
2018-02-01,RSUD dr. M.Soewandhie Kota Surabaya,1,Pelayanan pasien BPJS
2018-02-01,Bagian Administrasi Pemerintahan dan Otonomi Daerah Sekretariat Daerah Kota Surabaya,1,Iuran RT / RW
2018-02-01,Dinas Pengelolaan Bangunan dan Tanah Kota Surabaya,1,Rusunawa
2018-02-01,"Dinas Pengendalian Penduduk, Pemberdayaan Perempuan dan Perlindungan Anak Kota Surabaya",1,Honor lembur tenaga kontrak
2018-02-01,Dinas Pendidikan Kota Surabaya,1,Seleksi 02SN
2018-02-01,Dinas Kesehatan Kota Surabaya,1,Prosedur rujukan dari Puskesmas
2018-02-01,Badan Pengelolaan Keuangan dan Pajak Daerah Kota Surabaya,1,SPPT PBB
2018-02-01,Kelurahan Dr. Soetomo,2,Pengurusan N1 N4
2018-02-01,Kecamatan Sukomanunggal Kota Surabaya,2,Pengurusan surat pindah
2018-02-01,Dinas PU Bina Marga dan Pematusan Kota Surabaya,44,Jalan rusak –Pengerukan salurn –lain-lain
2018-02-01,Dinas Kebudayaan dan Pariwisata Kota Surabaya,2,Wisata perahu Kalimas
2018-02-01,Dinas Komunikasi dan Informatika Kota Surabaya,2,Website e-wadul error
2018-02-01,Kecamatan Gubeng Kota Surabaya,3,KTP el
2018-02-01,PDAM Surya Sembada Kota Surabaya,3,Pipa bocor –Air mati
2018-02-01,Kecamatan Sukolilo Kota Surabaya,4,KTP el
2018-02-01,Dinas Perhubungan Kota Surabaya,5,Traffic light –Tarif parkir –Bus sekolah terlambat datang
2018-02-01,Satuan Polisi Pamong Praja,9,"Penertiban PKL –Ketertiban lingkungan –Penertiban Bangli –
Penertiban besi tua"
2018-02-01,"Dinas Perumahan Rakyat dan Kawasan Permukiman, Cipta Karya dan Tata Ruang Kota Surabaya",12,Fasum dan Fasos -IUJK
2018-02-01,Dinas Kependudukan dan Pencatatan Sipil Kota Surabaya,17,KTP el –surat pindah –Pembatalan pernikahan
2018-02-01,Dinas Kebersihan dan Ruang Terbuka Hijau Kota Surabaya,26,PJU Padam –Pemangkasan pohon –Pembersihan sampah - Perilaku Sopir Compactor 4
2018-02-01,Kecamatan Karangpilang Kota Surabaya,1,KTP el
2018-02-01,Dinas Ketahanan Pangan dan Pertanian Kota Surabaya,2,Hydroponic
2018-02-01,Kelurahan Kalirungkut Kota Surabaya,1,Pengurusan penertiban surat letter c
2018-02-01,Kecamatan Wiyung Kota Surabaya,2,KTP el
2018-02-01,Kelurahan Semolowaru Kota Surabaya,1,Akte kelahiran
2018-02-01,Permohonan Informasi Bagian Administrasi Kerjasama Sekretariat Daerah Kota Surabaya,1,UIP
2018-02-01,Permohonan Informasi Satpol PP Kota Surabaya,1,Melamar pekerjaan
2018-02-01,"Permohonan Informasi Dinas Pengendalian Penduduk,
Pemberdayaan Perempuan dan Perlindungan Anak Kota Surabaya",1,BPJS PBI
2018-02-01,Permohonan Informasi Dinas Kepemudaan dan Olahraga Kota Surabaya,1,Alamat Dispora
2018-02-01,Permohonan Informasi Badan Perencanaan Pembangunan Kota Surabaya,1,Trem
2018-02-01,Permohonan Informasi Bagian Humas Sekretariat Daerah Kota Surabaya,2,Geekfest
2018-02-01,Permohonan Informasi Dinas Pendidikan Kota Surabaya,2,Dana bos
2018-02-01,Permohonan Informasi Dinas Pengelolaan Bangunan dan Tanah Kota Surabaya,3,Rusunawa –surat ijo
2018-02-01,Permohonan Informasi Bagian Administrasi Pemerintahan dan Otonomi Daerah Sekretariat Daerah Kota Surabaya,6,"Dana Hibah –Iuran RT/RW –Pengalihan profesi tukang becak –
lain-lain"
2018-02-01,Permohonan Informasi Dinas Kesehatan Kota Surabaya,6,SIPTTK –SIP –Difteri –lain-lain
2018-02-01,Permohonan Informasi Bagian Umum dan Protokol Sekretariat Daerah Kota Surabaya,7,Permohonan Audiensi –Permohonan bantuan
2018-02-01,Permohonan Informasi Badan Pengelolaan Keuangan dan Pajak Daerah Kota Surabaya,1,PBB
2018-02-01,Permohonan Informasi Dinas Kebudayaan dan Pariwisata Kota Surabaya,10,Prosedur ikut stand Mlaku Mlaku Nang Tunjungan -
2018-02-01,Permohonan Informasi Badan Penanggulangan Bencana dan Perlindungan Masyarakat Kota Surabaya,7,112 –melamar pekerjaan –prosedur penelitian
2018-02-01,Lain-Lain,25,Permasalahan lingkungan RT/RW –Imigrasi –BPN –lain-lain
2018-02-01,Apresiasi Warga,9,Respon cepat –Perbaikan jalan -Pelayanan
2018-02-01,Saran,13,Pelayanan –Traffic light –pelebaran jalan –lain-lain
2018-02-01,Permohonan Informasi Dinas Kependudukan dan Pencatatan Sipil Kota Surabaya,31,KTP el –akte kelahiran –Jam operasional Dispendukcapil
2018-02-01,Kelurahan Margorejo Kota Surabaya,1,Pelayanan
2018-02-01,Permohonan Informasi Dinas Perhubungan Kota Surabaya,16,Parkir meter –Tempat parkir mlaku Mlaku Nang Tunjunga
2018-02-01,Permohonan Informasi Dinas Komunikasi dan Informatika Kota Surabaya,13,BLC
2018-02-01,Permohonan Informasi Dinas Tenaga Kerja Kota Surabaya,13,Sertifikasi profesi
2018-02-01,Permohonan Informasi Dinas Penanaman Modal dan Pelayanan Terpadu Satu Pintu Kota Surabaya,13,SIUP -TDP
2018-02-01,Permohonan Informasi Dinas Ketahanan Pangan dan Pertanian Kota Surabaya,13,Agrowisata Mini
2018-02-01,Permohonan Informasi Lain-Lain,20,Samsat Corner –angka pengenal impor –lain-lain
2018-03-01,Kecamata Dukuh Pakis Kota Surabaya,2,KTP el
2018-03-01,Kecamatan Bubutan Kota Surabaya,2,KTP el
2018-03-01,Kelurahan Gundih Kota Surabaya,2,SKTM bantuan hukum
2018-03-01,Bakesbangpol dan Linmas Kota Surabaya,1,Permasalahan Linmas di Jalan
2018-03-01,Badan Pengelolaan Keuangan dan Pajak Daerah Kota Surabaya,1,Kenaikan PBB
2018-03-01,Dinas Kebudayaan dan Pariwisata Kota Surabaya,1,Perahu wisata kali mas
2018-03-01,Dinas Ketahanan Pangan dan Pertanian Kota Surabaya,1,Anjing liar
2018-03-01,Bagian Administrasi Pemerintahan dan Otonomi Daerah Sekretariat Daerah Kota Surabaya,1,Penetapan Dan Penegasan Batas Desa
2018-03-01,"Dinas Perumahan Rakyat dan Kawasan
Permukiman, Cipta Karya dan Tata Ruang Kota Surabaya",1,Pavingisasi
2018-03-01,PD Pasar Surya Kota Surabaya,1,Genangan di Pasar Pucang
2018-03-01,Kecamatan Asemrowo Kota Surabaya,1,Pelayanan
2018-03-01,Kecamatan Bulak Kota Surabaya,1,KTP el
2018-03-01,Kecamatan Tambaksari Kota Surabaya,1,KTP el
2018-03-01,Dinas Lingkungan Hidup Kota Surabaya,1,Data Display
2018-03-01,Kecamatan Mulyorejo Kota Surabaya,1,PKL
2018-03-01,PDAM Surya Sembada Kota Surabaya,10,Air mati –bekas galian PDAM –pipa bocor
2018-03-01,Kecamatan Genteng Kota Surabaya,2,KTP el
2018-03-01,Dinas PU Bina Marga dan Pematusan Kota Surabaya,49,"Jalan rusak –pengerukan saluran –Box culvert –
permasalahan banjir –tutup saluran –lain-lain"
2018-03-01,Dinas Kebersihan dan Ruang Terbuka Hijau Kota Surabaya,31,PJU Padam –pembersihan sampah –pemangkasan pohon
2018-03-01,Dinas Kependudukan dan Pencatatan Sipil Kota Surabaya,20,KTP el - Mengkonsolidasikan NIK dan KK –website Dispendukcapil error –lain-lain
2018-03-01,Dinas Perhubungan Kota Surabaya,13,Tarif parkir –parkir liar –traffic light -Tempat parkir di acara pawai ogoh-ogoh -speedtrap
2018-03-01,Kecamatan Tandes Kota Surabaya,1,Riwayat tanah
2018-03-01,Dinas Komunikasi dan Informatika Kota Surabaya,4,Aplikasi e-wadul error
2018-03-01,Kecamatan Gubeng Kota Surabaya,2,KTP el
2018-03-01,Satuan Polisi Pamong Praja Kota Surabaya,4,PKL –Bangli –Himbauan berpakaian sopan untuk wanita cantik di Taman Bungkul untuk menerapkan e-money
2018-03-01,Dinas Pendidikan Kota Surabaya,3,Study tour –lahan parkir di Dispendik
2018-03-01,Dinas Pengelolaan Bangunan dan Tanah Kota Surabaya,3,Tanah konservasi
2018-03-01,Dinas Kesehatan Kota Surabaya,2,Pengurusan SIP –Pelayanan Puskesmas
2018-03-01,Dinas Perpustakaan dan Kearsipan Kota Surabaya,2,Pelayanan di Perpustakaan Balai Pemuda
2018-03-01,Kecamatan Sukomanunggal Kota Surabaya,2,KTP el
2018-03-01,Kecamatan Semapir Kota Surabaya,2,Pelayanan -Pungli
2018-03-01,Dinas Sosial Kota Surabaya,3,Bantuan sosial
2018-03-01,Kecamatan Wonokromo Kota Surabaya,1,Pelayanan
2018-03-01,Kecamatan Karangpilang Kota Surabaya,2,KTP el -Pelayanan
2018-03-01,Kelurahan Bongkaran Kota Surabaya,1,Pelayanan
2018-03-01,Permohonan Informasi Dinas Ketahanan Pangan dan Pertanian Kota Surabaya,5,Minggu pertanian
2018-03-01,"Permohonan Informasi Dinas Pengendalian
Penduduk, Pemberdayaan Perempuan dan Perlindungan Anak Kota Surabaya     Kota Surabaya",4,BPJS PBI –UKM Binaan Pahlawan Ekonomi -Puspaga
2018-03-01,Permohonan Informasi Dinas Kesehatan Kota Surabaya,3,e-health –uang transportasi penderita TBC –pengurusan ijin SIPTTK.
2018-03-01,Permohonan Informasi Dinas Pendidikan Kota Surabaya,3,"Penyaluran Beasiswa Takmir Masjid Muhajirin –
Penundaan pembayaran gaji guru –sekolah inklusi"
2018-03-01,Permohonan Informasi Dinas Pemadam Kebakaran Kota Surabaya,3,Mobil Pemadam Kebakaran Bronto
2018-03-01,Permohonan Informasi Dinas Pengelolaan Bangunan dan Tanah Kota Surabaya,3,Rusunawa –perpanjangan pemakaian tanah pemkot
2018-03-01,Permohonan Informasi Badan Pengelolaan Keuangan dan Pajak Daerah Kota Surabaya,5,PBB
2018-03-01,Permohonan Informasi Dinas Kebersihan dan Ruang Terbuka Hijau Kota Surabaya,2,Prosedur mengajukan perampingan pohon –lowongan DKRTH
2018-03-01,Permohonan Informasi Dinas PU Bina Marga dan Pematusan Kota Surabaya,2,Jembatan galur –perbaikan jalan pinggir sungai kalimas
2018-03-01,Permohonan Informasi Badan Perencanaan Pembangunan Kota Surabaya,1,Mengunduh Surabaya Vision Plan
2018-03-01,Permohonan Informasi Badan Kepegawaian dan Diklat Kota Surabaya,1,Lowongan CPNS
2018-03-01,Permohonan Informasi Badan Penanggulangan Bencana dan Perlindungan Masyarakat Kota Surabaya,1,Command center 112
2018-03-01,Permohonan Informasi Bagian Administrasi Pembangunan Sekretariat Daerah Kota Surabaya,1,Standar Satuan Harga Belanja Daerah Kota Surabaya
2018-03-01,Kecamatan Gunung Anyar Kota Surabaya,1,KTP el
2018-03-01,Permohonan Informasi Dinas Lingkungan Hidup Kota Surabaya,2,Car free day –fungsi data display
2018-03-01,Permohonan Informasi Bakesbangpol dan Linmas Kota Surabaya,5,Penelitian –kerja praktek –Lowongan Linmas
2018-03-01,Permohonan Informasi Dinas Perpustakaan dan Kearsipan Kota Surabaya,1,Perpustakaan Umum Kota Surabaya
2018-03-01,Permohonan Informasi Dinas Perhubungan Kota Surabaya,6,Amdal lalin Balai Hinggil –Parkir Mlaku-Mlaku Nang Tunjungan
2018-03-01,Permohonan Informasi Bagian Administrasi Pemerintahan dan Otonomi Daerah Sekretariat Daerah Kota Surabaya,6,Ahli waris –pungutan RT/RW -PTSL
2018-03-01,Kelurahan Putat Gede Kota Surabaya,1,Kepemilikan tanah
2018-03-01,Lain-Lain,16,PLN –Jalan rusak –P2T –lain-lain
2018-03-01,Apresiasi warga,31,Respon cepat –pelayanan –lain-lain
2018-03-01,Saran,19,Penambahan staf di Kecamatan –Mlaku-Mlaku Nang Tunjungan di hari libur –lain-lain
2018-03-01,Permohonan Informasi Dinas Kebudayaan dan Pariwisata,40,Wisata perahu kalimas –pawai ogoh-ogoh –cara ikut serta Mlaku-Mlaku Nang Tunjungan –lain-lain
2018-03-01,Kelurahan Pacar Keling Kota Surabaya,1,N1 dan N4
2018-03-01,Permohonan Informasi Lain-Lain,32,SIM corner –Pajak kendaraan  –lain-lain
2018-03-01,Permohonan Informasi Dinas Sosial Kota Surabaya,6,Bedah rumah –Ambulance gratis
2018-03-01,Permohonan Informasi Dinas Kependudukan dan Pencatatan Sipil Kota Surabaya,32,KTP e- -Akte kematian –Akte kelahiran –lain-lain
2018-03-01,Permohonan Informasi Bagian Umum dan Protokol Sekretariat Daerah Kota Surabaya,7,Audiensi dengan Walikota –bantuan Sponsorship ke Walikota –mengundang Walikota Surabaya
2018-03-01,Kelurahan Dr. Soetomo Kota Surabaya,1,SKTM Bidikmisi
2018-03-01,Permohonan Informasi Dinas Tenaga Kerja Kota Surabaya,17,Kartu AK 1 –Bursa kerja –Perpanjangan IMTA
2018-03-01,Permohonan Informasi Dinas Komunikasi dan Informatika Kota Surabaya,21,BLC –Lomba Vlog KIM –website media center
2018-03-01,Permohonan Informasi Dinas Penanaman Modal dan Pelayanan Terpadu Satu Pintu Kota Surabaya,15,SIUP dan TDP
2018-04-01,Kecamatan Jambangan Kota Surabaya,1,KTP el
2018-04-01,Kecamatan Rungkut Kota Surabaya,2,KTP el
2018-04-01,Kecamatan Gayungan Kota Surabaya,1,KTP el
2018-04-01,"Dinas Perumahan Rakyat dan Kawasan Permukiman, Cipta Karya dan Tata
Ruang Kota Surabaya",1,Pemasangan Papan Iklan
2018-04-01,"Dinas Penduduk, Pemberdayaan Perempuan dan Perlindungan Anak Kota
Surabaya",1,BPJS PBI
2018-04-01,Dinas Sosial Kota Surabaya,1,Operasi di Jarak
2018-04-01,Bakesbangpol dan Linmas Kota Surabaya,1,Pelayanan Linmas
2018-04-01,"Badan Perencanaan Pembangunan Kota
Surabaya",1,Musrenbangkel
2018-04-01,Kelurahan Petemon Kota Surabaya,2,Surat keterangan domisili
2018-04-01,Kecamatan Asemrowo Kota Surabaya,1,KTP el
2018-04-01,Kecamatan Wonokromo Kota Surabaya,2,KTP el
2018-04-01,Kecamatan Sukolilo Kota Surabaya,2,Permasalahan Pembangunan Arpakost –KTP el
2018-04-01,Dinas Perdagangan Kota Surabaya,1,Data pasar tradisional
2018-04-01,PDAM Surya Sembada Kota Surabaya,3,Air Mati –Pipa bocor
2018-04-01,Kecamatan Krembangan Kota Surabaya,2,KTP el
2018-04-01,Dinas Pengelolaan Bangunan dan Tanah Kota Surabaya,2,IPT -Rusunawa
2018-04-01,Dinas Kesehatan Kota Surabaya,2,Pelayanan Puskesmas –Perijinan kefarmasian
2018-04-01,Kecamatan Karangpilang Kota Surabaya,3,KTP el
2018-04-01,Kecamatan Gubeng Kota Surabaya,3,KTP el -Pelayanan
2018-04-01,Bagian Administrasi Pemerintahan dan Otonomi Daerah Sekretariat Daerah Kota Surabaya,4,Pungutan RT/RW  –Surat keterangan domisili –Pelayanan Kleurahan
2018-04-01,"Satuan Polisi Pamong Praja Kota
Surabaya",4,"PKL –Bangli –Penertiban tempat Prostitusi –Penertiban
aduan Burung Dara"
2018-04-01,Badan Pengelolaan Keuangan dan Pajak Daerah Kota Surabaya,6,PBB
2018-04-01,Dinas Perhubungan Kota Surabaya,7,Rambu Lalu Lintas  –Traffic  Light –lain-lain
2018-04-01,"Dinas Komunikasi dan Informatika  Kota
Surabaya",9,"website ssw.surabaya.go.id error - website
ehealth.surabaya.go.id error - website media center error"
2018-04-01,Dinas Kependudukan dan Pencatatan Sipil Kota Surabaya,10,KTP el –KK –lain-lain
2018-04-01,Dinas Kebersihan dan Ruang Terbuka Hijau Kota Surabaya,10,PJU Padam –Pembersihan sampah
2018-04-01,Kecamatan Kenjeran Kota Surabaya,1,KTP el
2018-04-01,Kecamatan Mulyorejo Kota Surabaya,2,KTP el
2018-04-01,Kelurahan Kejawan Putih Tambak Kota Surabaya,1,Pelayanan
2018-04-01,"Permohonan Informasi Dinas Pengelolaan Bangunan dan Tanah  Kota
Surabaya",4,IPT -Rusunawa
2018-04-01,Kelurahan Tanjungsari  Kota Surabaya,1,Pelayanan
2018-04-01,Permohonan Informasi Kecamatan Karangpilang Kota Surabaya,1,Pindah KK diharuskan Fotocopy surat rumah
2018-04-01,"Permohonan Informasi Satpol PP Kota
Surabaya",1,Dilarang  memancing di sungai kalimas
2018-04-01,"Permohonan Informasi Dinas Pengendalian Penduduk, Pemberdayaan Perempuan dan Perlindungan Anak Kota
Surabaya     Kota Surabaya",1,Pemenang Lomba Hari Anak Nasional
2018-04-01,"Permohonan Informasi Dinas
Perpustakaan dan Kearsipan Kota Surabaya",1,Buku skripsi di Perpustakaan umum
2018-04-01,Permohonan Informasi Dinas Sosial Kota Surabaya,1,Beasiswa
2018-04-01,Permohonan Informasi Dinas Kesehatan Kota Surabaya,1,Ijin PIRT
2018-04-01,"Karya dan Tata  Ruang  Kota Surabaya
Surabaya",,
2018-04-01,"Permohonan Informasi Dinas  Perumahan Rakyat dan Kawasan Permukiman, Cipta",2,IMB
2018-04-01,"Permohonan Informasi Dinas Pendidikan
Kota Surabaya",2,Hasil FLS2N
2018-04-01,"Permohonan Informasi Badan
Perencanaan Pembangunan Kota Surabaya",2,Musrenbangkel
2018-04-01,"Permohonan Informasi Bagian Administrasi Pemerintahan dan Otonomi Daerah Sekretariat Daerah Kota
Surabaya",3,Surat keterangan domsiili –Pungutan RT/RW  -PTSL
2018-04-01,Permohonan Informasi Bakesbangpol dan Linmas,3,Penelitian -lowongan
2018-04-01,"Permohonan Informasi Bagian Umum dan Protokol Sekretariat Daerah Kota
Surabaya",4,Mengundang Walikota Surabaya –Mengajukan proposal sponsor
2018-04-01,"Permohonan Informasi Dinas Ketahanan
Pangan dan Pertanian Kota Surabaya",4,Minggu Pertanian
2018-04-01,Permohonan Informasi Dinas Kebersihan dan Ruang Terbuka Hijau Kota Surabaya,5,Bank Sampah –lowongan DKP - bekerja sama menciptakan kota degan konsep Green City
2018-04-01,"Permohonan Informasi Badan
Pengelolaan Keuangan dan Pajak Daerah Kota Surabaya",7,PBB
2018-04-01,Permohonan Informasi Dinas Tenaga Kerja Kota Surabaya,9,Job Fair –Kartu Pencari Kerja - mengurus Pengesahan Wajib Lapor Ketenagakerjakan
2018-04-01,Permohonan Informasi Dinas Kebudayaan dan Pariwisata,10,Wisata Perahu Kalimas –Berpartisipasi di Mlaku-Mlaku Nang Tunjungan
2018-04-01,Permohonan Informasi Lain-Lain,16,Sim Corner
2018-04-01,"Permohonan Informasi Dinas Komunikasi
dan Informatika Kota Surabaya",17,BLC
2018-04-01,"Permohonan Informasi Dinas Penanaman Modal dan Pelayanan
Terpadu Satu Pintu Kota Surabaya",22,SIUP TDP
2018-04-01,"Permohonan Informasi Dinas
Kependudukan dan Pencatatan Sipil Kota Surabaya",29,KTP el –KK –Akte Kelahiran
2018-04-01,Permohonan Informasi Dinas Perhubungan Kota Surabaya,57,Suroboyo Bus
2018-04-01,Saran,21,Suroboyo Bus – Kebun Bibit Wonorejo di beri lapangan Basket –lain-lain
2018-04-01,Apresiasi Warga,19,Respon cepat –Perbaikan jalan –lain-lain
2018-04-01,Lain-Lain,7,"Penutupan jalan –Kejahatan –Keluhan Kabupaten Sidoarjo
–lain-lain"
2018-04-01,Kelurahan Asemrowo Kota Surabaya,1,Pelayanan
2018-04-01,Kelurahan Mulyorejo Kota Surabaya,1,Pelayanan
2018-04-01,"Dinas PU Bina Marga dan Pematusan
Kota Surabaya",20,Jalan ruask –Pengerukan Saluran –lain-lain
